10	3
10 Things I Hate About You	2
127 Hours	4
12 Angry Men	5
12 Monkeys	4
13 Going on 30	1
1984	4
2001: A Space Odyssey	5
2010: The Year We Make Contact	4
2012	3
2046	4
24	3
24 Hour Party People	4
25th Hour	4
27 Dresses	2
28 Days Later	4
2 Fast 2 Furious	3
300	3
30 Days of Night	2
30 Minutes or Less	2
30 Rock	4
30-Second Bunnies Theatre	2
3:10 to Yuma	3
3	2
3rd Rock from the Sun	1
40 Days and 40 Nights	2
48 Hrs.	3
(500) Days of Summer	5
50 First Dates	4
9 1/2 Weeks	2
A Beautiful Mind	2
About a Boy	4
Above the Law	3
A Boy and His Dog	3
A Bridge Too Far	3
Absolute Power	3
Ace Ventura: Pet Detective	4
Ace Ventura: When Nature Calls	3
A Clockwork Orange	5
A Couch in New York	4
Adam's Rib	2
Adaptation.	5
Addicted to Love	3
Adventureland	4
Aeon Flux	2
A Few Good Men	4
A Fish Called Wanda	4
A Fistful of Dollars	4
After Hours	5
A Good Year	3
Aguirre: The Wrath of God	3
A.I. Artificial Intelligence	2
Air Force One	1
Airplane!	4
Akira	5
A Knight's Tale	4
Alfie	3
Alias	2
Alice	2
Alien 3: Collector's Edition	3
Alien: Collector's Edition	5
Alien: Resurrection: Collector's Edition	2
Aliens: Collector's Edition	5
Aliens vs. Predator 2	2
Alien vs. Predator	2
A Life Less Ordinary	3
Ali G Indahouse	4
All About Eve	4
All That Jazz	4
All the President's Men	5
Almost Famous	4
Along Came Polly	3
A Lot Like Love	4
Altered States	4
Always	4
Amadeus	5
Amelie	4
American Beauty	4
American Dad!	2
American Gangster	3
American History X	4
American Ninja	1
American Pie 2	2
American Pie	3
American Psycho	3
American Splendor	3
American Wedding	2
America's Sweethearts	1
A Midsummer Night's Sex Comedy	3
Amores Perros	4
An Affair to Remember	5
Analyze That	3
Analyze This	4
Anchorman: The Legend of Ron Burgundy	3
An Education	4
An Evening with Kevin Smith 2	3
An Evening With Kevin Smith	4
Angel	4
Angel-A	3
Angel Heart: Special Edition	3
Angels in America	4
Anger Management	2
A Nightmare on Elm Street	4
Anna Karenina	2
Annie Hall	4
Another 9 1/2 Weeks	1
Another Earth	3
Antitrust	4
Antz	2
Any Given Sunday	2
A Perfect World	5
Apocalypse Now	5
Apocalypse Now / Apocalypse Now Redux	4
Apocalypse Now Redux	4
Apocalypse Now Redux	4
Apollo 13	4
Appaloosa	2
Appleseed	3
Appleseed: Ex Machina	3
Aqua Teen Hunger Force	5
Arbitrage	3
Archer	4
Argo	4
Arizona Dream	3
Arj Barker: LYAO	3
Arlington Road	2
Armageddon	3
Arrested Development	5
Arsenic and Old Lace	4
Art School Confidential	3
A Scanner Darkly	4
A Serious Man	4
As Good as It Gets	3
Ashes of Time Redux	4
A Short Film About Killing	5
A Short Film About Love	5
A Shot in the Dark	4
A Simple Plan	3
Ask the Dust	1
Assault on Precinct 13	3
Assault on Precinct 13	3
A Time to Kill	3
Atonement	4
Attack the Block	3
Audition	4
Austin Powers in Goldmember	4
Austin Powers: Int'l Man of Mystery	4
Austin Powers: The Spy Who Shagged Me	4
Avalon	2
Avatar	4
Avatar: The Last Airbender	4
Awakenings	3
A Walk in the Clouds	3
Away We Go	3
Babel	4
Baby's Day Out	3
Backbeat	4
Back to the Future	4
Back to the Future Part II	4
Back to the Future Part III	3
Bad Education	4
Bad Lieutenant	4
Bad Lieutenant: Port of Call New Orleans	4
Bad Santa	4
Bananas	4
Band of Brothers	5
Barbarella	3
Barney's Version	3
Barton Fink	4
BASEketball	3
Basic	2
Basic Instinct 2	2
Basic Instinct	4
Batman	4
Batman Begins	4
Batman Forever	3
Batman Returns	4
Batman & Robin	1
Batman: The Animated Series	4
Batman: Under The Red Hood	4
Battlefield Earth	1
Battle of the X-Planes: Nova	3
Battle Royale	3
Battlestar Galactica	5
Battlestar Galactica: Razor	3
Bean: The Movie	1
Beautiful Girls	4
Bedazzled	4
Bee Movie	2
Beetlejuice	4
Before Sunrise	5
Before Sunset	5
Before the Devil Knows You're Dead	3
Beginners	3
Being John Malkovich	5
Being There	5
Be Kind Rewind	3
Beowulf	2
Beowulf: Director's Cut	1
Bernie	4
Beverly Hills, 90210	3
Beverly Hills Cop	2
Beverly Hills Cop II	2
Beverly Hills Cop III	2
Bewitched	2
Bicentennial Man	2
Big	3
Big Bang Theory	2
Big Daddy	3
Big Fish	3
Bigger, Stronger, Faster	4
Big Man Japan	3
Big Trouble in Little China	4
Bill & Ted's Bogus Journey	2
Bill & Ted's Excellent Adventure	2
Billy Elliot	4
Bird	4
Bird on a Wire	2
Birdy	4
Black Book	4
Black Hawk Down	2
Black Swan	4
Blade	2
Blade 2	2
Blade	3
Blade Runner: Theatrical Cut	5
Blade Runner: Theatrical & Director's Cut	5
Blade Runner: The Final Cut	5
Blades of Glory	2
Blade: Trinity	2
Bleach	5
Blood Simple	4
Bloodsport	2
Blood: The Last Vampire	3
Bloody Sunday	4
Blow	4
Blow Dry	2
Blow Up	5
Blue	5
Blues Brothers 2000	2
Blue Valentine	3
Bobby Jones, Stroke of Genius	3
Body Shots	2
Body Snatchers	3
Bones	3
Bonnie and Clyde	3
Boogie Nights	4
Borat	3
Bottle Rocket	3
Bourne Legacy	3
Bowling for Columbine	3
Boys Don't Cry	3
Boyz N the Hood	3
Bram Stoker's Dracula	4
Braveheart	5
Brazil	5
Brazil: The "Love Conquers All" Version	5
Breakdown	4
Breakfast at Tiffany's	5
Breaking Bad	4
Breathless	5
Brick	5
Bridget Jones's Diary	3
Bridge to Terabithia	2
Bright Star	3
Bringing Out the Dead	4
Bringing Up Baby	3
Brokeback Mountain	3
Broken Arrow	1
Brothers	3
Brubaker	3
Bruce Almighty	4
Bubble Boy	2
Buffalo '66	5
Buffy the Vampire Slayer	4
Buffy the Vampire Slayer: The Movie	1
Bugsy	3
Bull Durham	4
Bullets Over Broadway	5
Bullitt	3
Burn After Reading	3
Burn Notice	3
Butch Cassidy and the Sundance Kid	5
Cabin in the Woods	3
Cach	5
Caddyshack	3
Can't Buy Me Love	3
Cape Fear	3
Captain America	2
Captain Corelli's Mandolin	3
Carnage	3
Carrie	4
Carrington	4
Casablanca	5
Cashback	3
Casino Royale	5
Cast Away	4
Castle	3
Catch Me If You Can	3
Catfish	3
Catwoman	1
Cellular	4
Change Up	2
Chaos Theory	3
Charade	4
Chariots of Fire	5
Charlie and the Chocolate Factory	3
Charlie Murphy: I Will Not Apologize	1
Charlie's Angels	2
Charlie's Angels: Full Throttle	4
Charlotte Sometimes	3
Chasing Amy	5
Cheers	4
Chicago	3
Children of Men	4
Chinatown	5
Chocolat	4
Choke	2
Chri	4
Chuck	3
Cinderella Man	3
Citizen Kane	4
City of Angels	2
City of Ember	3
City of God	3
City of Men	4
City Slickers	2
Clash of the Titans	2
Clear and Present Danger	3
Clerks	4
Clerks: Tenth Anniversary Edition	4
Click	2
Climates	5
Close Encounters of the Third Kind	3
Close Encounters of the Third Kind	3
Closer	5
Cloverfield	4
Clueless	3
Cocoon	3
Cocoon: The Return	3
Coffee and Cigarettes	3
Cold Mountain	4
Cold Souls	2
Collateral	3
Color of Night	4
Comedy Bang Bang	3
Community	4
Con Air	2
Conan the Barbarian	4
Conan the Destroyer	2
Confessions of a Dangerous Mind	5
Conspiracy Theory	1
Constantine	2
Contact	4
Cop Land	2
Cop Out	1
Copycat	4
Coraline	3
Corpse Bride	2
Cosmopolis	2
Couples Retreat	1
Coupling	5
Courage Under Fire	2
Cowboy Bebop Remix	5
Cowboy Bebop: The Movie	5
Coyote Ugly	2
Crash	4
Crash	4
C.R.A.Z.Y.	4
Crazy, Stupid, Love	4
Crimson Tide	4
Crocodile Dundee	2
Crocodile Dundee in Los Angeles	1
Crossing the Bridge: The Sound of Istanbul	4
Crouching Tiger, Hidden Dragon	4
Croupier	4
Cruel Intentions	4
CSI: Miami	1
CSI: NY	3
Cube 2: Hypercube	1
Cube	3
Curb Your Enthusiasm	3
Curse of the Golden Flower	2
Cyrano de Bergerac	4
Dances with Wolves	4
Dangerous Liaisons	5
Dark City	5
Darkman	3
Dark Water	3
Das Boot: Director's Cut	4
Date Night	3
Dawson's Creek	4
Dawson's Creek: Series Finale	3
Daybreakers	3
Daylight	3
Days of Thunder	4
Dead Alive	4
Dead Man	5
Dead Man Walking	3
Dead Poets Society	5
Dead Space: Aftermath	4
Dead Space: Downfall	1
Death and the Maiden	5
Death at a Funeral	2
Death Becomes Her	3
Death Note	5
Death on the Nile	3
Death Race 2000	3
Death to Smoochy	2
Deconstructing Harry	4
Deep Blue Sea	4
Deep Impact	2
Deep Rising	5
Definitely, Maybe	3
Delicatessen	5
Demetri Martin. Person.	4
Demolition Man	1
Dennis the Menace	1
Desperado / El Mariachi	3
Despicable Me	3
Dick Tracy	3
Die Another Day	2
Die Hard 2: Die Harder	5
Die Hard	4
Die Hard: With a Vengeance	5
Dinner for Five	4
Dinner for Schmucks	3
Dirty Harry	4
Dirty Jobs	4
Dirty Pretty Things	5
Dirty Rotten Scoundrels	4
Disclosure	3
Distant	4
District 9	3
Django Unchained	5
Doctor Who	3
Doctor Zhivago	4
Dodgeball: A True Underdog Story	3
Dog Day Afternoon	4
Dogma	4
Dogville	3
Dollhouse	2
Domino	2
Donnie Darko	4
Doom	1
Double Indemnity	3
Downfall	3
Down Periscope	2
Downton Abbey	4
Down with Love	3
Dracula: Dead and Loving It	3
Drag Me to Hell	2
Dragon Ball: The Path to Power	5
Dragonfly	2
Dragonheart	3
Dragon: The Bruce Lee Story	4
Drawn Together	2
Dr. Dolittle 2	1
Dreamgirls	2
Dressed to Kill	3
Dr. Horrible's Sing-Along Blog	5
Drive Angry	1
Dr. No	3
Dr. Strangelove	5
Drunken Master	3
Duck Soup	3
Dude, Where's My Car?	2
Duel	4
Dumb and Dumber: Unrated	3
Dune	2
Dune: Extended Edition	2
Dungeons & Dragons	1
Dylan Dog: Dead of Night	1
Earthstorm	1
Eastern Promises	3
Easy A	3
Eddie Izzard: Circle	4
Eddie Izzard: Definite Article	4
Eddie Izzard: Dress to Kill	5
Eddie Izzard: Glorious	4
Eddie Izzard: Unrepeatable	4
EDtv	3
Edward Scissorhands	5
Ed Wood	4
Elizabeth	3
Elizabeth: The Golden Age	4
Elizabethtown	3
Emmanuelle	2
Empire Records: Remix! Special Fan Edition	4
Enchanted	3
Encounters at the End of the World	4
End of Days	2
Enemy at the Gates	3
Enemy Mine	3
Enigma	1
Enter the Dragon	4
Entrapment	2
Equilibrium	4
Eraser	2
Erin Brockovich	4
Escape from L.A.	3
Escape from New York	4
Escape from the Planet of the Apes	3
Eternal Sunshine of the Spotless Mind	5
E.T. the Extra-Terrestrial	3
Eurotrip	3
Evangelion 1.11: You Are (Not) Alone	5
Even Dwarfs Started Small	3
Event Horizon	4
Everybody Loves Raymond	3
Everyone Says I Love You	3
Everything Is Illuminated	3
Evita	3
Evolution	2
Excalibur	4
Executive Decision	3
eXistenZ	4
Extract	3
Eyes Wide Shut	4
Face	3
Face/Off	2
Fahrenheit 451	5
Fallen	2
Family Guy	4
Family Guy: Blue Harvest	4
Fantastic Four	1
Fantastic Four: Rise of the Silver Surfer	2
Fantastic Mr. Fox	4
Fantastic Voyage	2
Far and Away	3
Far from Heaven	3
Fargo	4
Fast & Furious	3
Fatal Attraction	3
Father of the Bride 2	3
Father of the Bride	3
Fathers' Day	2
Fear and Loathing in Las Vegas	2
Fearless	5
Femme Fatale	3
Ferris Bueller's Day Off	5
Fever Pitch	1
Fever Pitch	3
Fido	3
Field of Dreams	4
Fifteen Minutes	3
Fight Club	5
Final Fantasy: The Spirits Within	5
Final Fantasy VII: Advent Children	1
Finding Forrester	5
Finding Nemo	4
Finding Neverland	3
Firefly	5
Firewall	1
First Knight	3
Five Year Engagement	2
Flags of Our Fathers	3
Flashdance	2
Flash Gordon	2
Flatliners	4
Flawless	3
FLCL	5
Fletch	3
Flight	2
Flight of the Conchords	5
Flirting with Disaster	2
Flushed Away	4
Fool's Gold	1
For a Few Dollars More	4
Forbidden Planet	4
Forces of Nature	1
Forget Paris	4
Forgetting Sarah Marshall	4
For Love of the Game	2
Forrest Gump	4
Four Lions	4
Four Weddings and a Funeral	4
Fracture	4
Frasier	4
Fraternity House	1
French Kiss	4
Frequency	3
Frida	2
Friday Night Lights	4
Friday the 13th	3
Fried Green Tomatoes	3
Friends	4
Friends with Benefits	2
From Dusk Till Dawn	4
From Hell	3
From Russia with Love	3
Frost/Nixon	4
Full Metal Jacket	4
Funny Face	2
Funny Games	5
Funny People	4
Futurama	3
Gainsbourg	4
Galaxy Quest	2
Game of Thrones	4
Gandhi	4
Gangs of New York	4
Gangster Squad	2
Garden State	5
Gattaca	5
Gentlemen Prefer Blondes	3
George of the Jungle	2
Gerry	2
Get Him to the Greek	3
Get Shorty	3
Get Smart	4
Ghost	3
Ghostbusters 2	4
Ghostbusters	5
Ghost Dog: The Way of the Samurai	5
Ghost in the Shell 2.0	3
Ghost in the Shell 2: Innocence	4
Ghost in the Shell	5
Ghost in the Shell: Stand Alone Complex	4
Ghost in the Shell: Stand Alone Complex	5
Ghost World	4
Gigli	1
G.I. Jane	2
Gladiator	4
Gladiator: Extended Edition	4
Go	3
Gods and Monsters	4
Going the Distance	1
Gojira	4
GoldenEye	4
Goldfinger	3
Gone Baby Gone	5
Gone in 60 Seconds	4
Good Bye, Lenin!	4
GoodFellas	4
Good Morning, Vietnam	3
Good Night, and Good Luck	5
Good Will Hunting	5
Goya's Ghosts	3
Gran Torino	4
Grease	2
Great Expectations	5
Green Card	2
Green Lantern	3
Green Lantern: First Flight	3
Gremlins 2: The New Batch	4
Gremlins	4
Grey's Anatomy	4
Grindhouse: Death Proof	5
Grindhouse: Double Feature	5
Grindhouse: Planet Terror	5
Grosse Pointe Blank	3
Groundhog Day	4
Grown Ups	2
Grumpy Old Men	3
Gurren Lagann	5
Hackers	4
Hair	5
Hairspray	1
Hairspray	2
Half Nelson	3
Halloween	3
Hancock	2
Hannibal	1
Happy Campers	3
Happy Gilmore	3
HappyThankYouMorePlease	3
Happy Together	5
Hardball	2
Hard Rain	3
Hard to Kill	2
Hardware	2
Harold and Maude	2
Harold & Kumar Escape from Guantanamo Bay	3
Harold & Kumar Go to White Castle	4
Harry Potter and the Chamber of Secrets	4
Harry Potter and the Deathly Hallows: Pt I	3
Harry Potter and the Goblet of Fire	3
Harry Potter and the Half-Blood Prince	4
Harry Potter and the Order of the Phoenix	3
Harry Potter and the Prisoner of Azkaban	4
Harry Potter and the Sorcerer's Stone	4
Harvey	4
Head-On	4
Heartbeats	5
Heat	4
Heathers	3
Heaven	5
Heavy Metal 2000	2
Heavy Metal	3
Hedwig and the Angry Inch	4
Hellboy	3
Hellboy II: The Golden Army	3
Hellsing	4
Hereafter	2
Hero	3
Hero	4
Heroes	3
He's Just Not That Into You	1
High Fidelity	5
Highlander 2: Renegade Version	4
Highlander	4
High Noon	4
Highway	3
His Girl Friday	5
History of the World: Part 1	3
Hitch	3
Holiday	4
Holy Man	2
Homeland	3
Hook	4
Hotel	1
Hot Fuzz	4
Hot Shots!	3
Hot Shots! Part Deux	3
Hot Tub Time Machine	3
House, M.D.	5
House of Cards	4
House of Cards	4
Howard the Duck	3
How I Met Your Mother	3
Howl's Moving Castle	4
How to Lose a Guy in 10 Days	2
How to Train Your Dragon	4
Hudson Hawk	2
Hugo	4
Hulk	4
Human Nature	2
Hunger Games	3
Hunter Prey	2
Hustle	4
I Am a Sex Addict	3
I Am Legend	3
I Am Number Four	1
Ice Age	3
Ichi the Killer	5
Identity	1
I Heart Huckabees	4
I Love Trouble	3
I Love You, Alice B. Toklas!	3
I Love You, Man	3
I'm a Cyborg, but That's Ok	3
Imaginary Heroes	2
Imagine Me & You	3
Immortal Beloved	4
Important Things with Demetri Martin	3
In Bruges	4
Inception	4
Independence Day	3
Indiana Jones and the Last Crusade	5
Indiana Jones and the Temple of Doom	3
Indiana Jones/Kingdom of the Crystal Skull	4
Inglourious Basterds	4
In July	4
Ink	1
In & Out	2
I Now Pronounce You Chuck and Larry	2
Inside Job	2
Inside Man	4
Insomnia	3
Instinct	3
Intacto	5
Intersection	2
Interview with the Vampire	4
In the Land of Women	2
In the Line of Fire	2
In the Loop	4
In the Mood for Love	5
In the Mouth of Madness	4
In the Name of the Father	4
Intolerable Cruelty	3
Into the Blue	2
Into the Wild	4
Invasion of the Body Snatchers	4
Invasion of the Body Snatchers	4
Invictus	3
Invincible	3
Ip Man	3
I.Q.	4
I, Robot	3
Iron Man 2	3
Iron Man	4
Irreversible	3
It Happened One Night	4
It's Always Sunny in Philadelphia	5
It's a Mad, Mad, Mad, Mad World	4
It's a Wonderful Life	4
Jack	2
Jackass: Number Two	3
Jackass: The Movie	3
Jackie Brown	2
Jacob's Ladder	4
Jane Eyre	2
Jaws	4
Jay and Silent Bob Strike Back	3
JCVD	3
Jennifer's Body	2
Jerry Maguire	4
Jet Li's Fearless	2
Jezebel	3
Jiro Dreams of Sushi	4
Joe's Apartment	1
Joe Versus the Volcano	4
Johnny English	2
Johnny Mnemonic	3
Jonah Hex	1
Judge Dredd	2
Jules and Jim	5
Julie & Julia	4
Jumper	2
Junior	2
Juno	4
Jurassic Park	3
Jurassic Park III	2
Just Friends	2
Just Like Heaven	1
Just Shoot Me	4
K-19: The Widowmaker	3
K-9	2
Kaena: The Prophecy	2
Kalifornia	1
Kate & Leopold	2
Keeping the Faith	4
Kick-Ass	4
Kill Bill: Vol. 1	2
Kill Bill: Vol. 2	2
Killer Joe	4
Killer Klowns from Outer Space	3
Kindergarten Cop	2
King Arthur	2
Kingdom of Heaven	3
Kingdom of Heaven: Director's Cut	3
Kingpin	2
Kinsey	4
Kissing a Fool	4
Kiss Kiss Bang Bang	3
Kiss Me, Stupid	3
Kiss the Girls	2
Knight and Day	1
Knight Rider	3
Knocked Up	3
K-Pax	3
Kramer vs. Kramer	4
Krull	3
Kundun	2
L.A. Confidential	4
Lady Vengeance	3
La Jetee	4
Lars and the Real Girl	4
Last Action Hero	3
Last Exile	4
Last Man Standing	3
Last Night	3
Las Vegas	4
L'Avventura	3
Lawless	3
Law & Order: Special Victims Unit	3
Layer Cake	5
Leatherheads	2
Leaving Las Vegas	4
Legend	3
Legends of the Fall	3
Les Miserables (2012)	2
Les Misrables	4
Lethal Weapon 2	4
Lethal Weapon 3	4
Lethal Weapon	4
Lethal Weapon 4	4
Liar Liar	4
Life is Beautiful	5
Life of Pi	2
Like Crazy	5
Limitless	4
Lionheart	1
Lions for Lambs	3
Little Children	3
Little Fockers	3
Little Miss Sunshine	4
Live Free or Die Hard	1
Lockout	2
Lock, Stock and Two Smoking Barrels	4
Logan's Run	3
Lolita	4
London	5
Lon: The Professional	5
Look	3
Look Around You: Series 1	4
Look Who's Talking	3
Look Who's Talking Too	3
Looper	3
Lord of the Rings: Fellowship of the Ring	5
Lord of the Rings: The Return of the King	5
Lord of the Rings: The Two Towers	5
Lord of War	2
Lorenzo's Oil	3
Lost	5
Lost Highway	5
Lost in Space	2
Lost in Translation	5
LOTR: Fellowship of the Ring: Extended Ed.	5
LOTR: Return of the King: Extended Ed.	5
LOTR: The Two Towers: Extended Ed.	5
Louie	3
Louis C.K.: Chewed Up	3
Louis C.K.: Hilarious	3
Louis C.K.: Shameless	4
Love Actually	5
Love Affair	4
Love and Other Drugs	3
Love Me If You Dare	4
Lucky Number Slevin	4
Lucky You	3
MacGyver	4
Macross Plus	3
Macross Plus	4
Macross Plus: Vol. 2	4
Made of Honor	4
Mad Love	2
Mad Max 2: The Road Warrior	5
Mad Max	4
Mad Max: Beyond Thunderdome	4
Mad Men	4
Magic Mike	4
Magnolia	4
Maid in Manhattan	2
Make It Happen	2
Malcolm X	3
Mallrats	4
Man Bites Dog	3
Man on Fire	2
Man on the Moon	5
Man on Wire	5
Man vs. Wild	4
Man with the Movie Camera	3
Marathon Man	3
Marie Antoinette	2
Marnie	3
Mars Attacks!	3
MASH	3
Master and Commander	4
Match Point	3
Matchstick Men	4
Maverick	4
Mean Girls	1
Mean Machine	4
Meatballs	3
Meet Bill	2
Meet the Fockers	3
Meet the Parents	3
Melinda and Melinda	2
Memento	5
Memories	4
Me, Myself & Irene	1
Men in Black	3
Men in Black II	3
Mercury Rising	2
Mermaids	3
Message in a Bottle	1
Miami Vice	3
Michael	3
Michael Clayton	3
Michael Collins	3
Mickey Blue Eyes	1
Microcosmos	2
Middle Men	3
Midnight Express	2
Midnight in the Garden of Good and Evil	3
Midnight Run	3
MILF	1
Miller's Crossing	5
Million Dollar Baby	4
Mimic	3
Minority Report	3
Miss Congeniality	1
Miss Congeniality 2: Armed and Fabulous	1
Missing	4
Mission: Impossible	2
Mission: Impossible - Ghost Protocol	4
Mission: Impossible II	2
Mission: Impossible III	2
Mission: Impossible (TV Series, 1966-1973)	3
Mission: Impossible (TV Series, 1988-1990)	3
Mission to Mars	2
Mona Lisa Smile	3
Moneyball	3
Monkeybone	1
Monsters	3
Monster's Ball	4
Monsters, Inc.	4
Monty Python and the Holy Grail	5
Monty Python's Flying Circus	5
Monty Python's Life of Brian	4
Monty Python's The Meaning of Life	4
Moon	4
Moonlighting	4
Morning Glory	2
Mortal Kombat: The Movie	3
Mother	4
Moulin Rouge	4
Mr. Deeds	2
Mr. Holland's Opus	3
Mr. & Mrs. Smith	2
Mrs. Doubtfire	3
Mr. Smith Goes to Washington	3
MS3TK: Devil Fish	5
MST3K: Godzilla vs. Megalon	5
MST3K: Hamlet	4
MST3K: Space Mutiny	4
MST3K: The Crawling Eye	3
MST3K: The Final Sacrifice	4
MST3K: Warrior of the Lost World	3
MST3K: Werewolf	5
Mulholland Dr.	4
Multiplicity	3
Munich	4
Muppets from Space	3
Muppet Treasure Island	3
Murder at 1600	1
Murder on the Orient Express	4
Music and Lyrics	1
My Best Friend's Wedding	3
My Big Fat Greek Wedding	2
My Blueberry Nights	3
My Date with Drew	4
My Fair Lady: Special Edition	4
My Kid Could Paint That	3
My Man Godfrey	3
My Name Is Bruce	3
My Name Is Earl	3
My Neighbor Totoro	4
My Son the Fanatic	4
Mystery Science Theater 3000: Pod People	5
Mystery Science Theater 3000: The Movie	5
Mystic Pizza	2
Mystic River	5
MythBusters	4
Nacho Libre	2
Naked Gun 33 1/3: The Final Insult	4
Naruto	4
Naruto	5
Naruto Shippuden: Vol. 1	4
Naruto: The Lost Story	3
Naruto the Movie	4
Naruto Uncut: Vol. 10	5
Naruto Uncut: Vol. 1	5
Naruto Uncut: Vol. 2	5
Naruto Uncut: Vol. 3	5
Naruto Uncut: Vol. 4	5
Naruto Uncut: Vol. 5	5
Naruto Uncut: Vol. 6	5
Naruto Uncut: Vol. 7	5
Naruto Uncut: Vol. 8	5
Naruto Uncut: Vol. 9	5
Naruto: Vol. 10: Surviving the Cut	4
Naruto: Vol. 11: The Ultimate Battle: Cha!	4
Naruto: Vol. 12: Byakugan Battle	4
Naruto: Vol. 13: Forbidden Secret Jutsu	4
Naruto: Vol. 14: Jiraya Returns!	4
Naruto: Vol. 15: The Evil Hand Revealed	4
Naruto: Vol. 16: Ultimate Defense	4
Naruto: Vol. 17: Zero Hour!	4
Naruto: Vol. 18: An Unrivaled Match	4
Naruto: Vol. 19: Pushed to the Edge	4
Naruto: Vol. 20: Light vs. Dark	4
Naruto: Vol. 21: Eye to Eye	4
Naruto: Vol. 22: The Last of the Clan	4
Naruto: Vol. 23: An Impossible Choice	4
Naruto: Vol. 4: The Broken Seal	4
Naruto: Vol. 5: Shinobi Weapons	4
Naruto: Vol. 6: Powerful New Rivals	4
Naruto: Vol. 7: The Chunin Exam	4
Naruto: Vol. 8: Sharingen Revived	4
Naruto: Vol. 9: The Scroll's Secret	4
National Lampoon's Animal House	4
National Lampoon's Pledge This!	1
National Lampoon's Van Wilder	4
Natural Born Killers: Director's Cut	2
Nausicaa of the Valley of the Wind	4
NCIS	2
NCIS: Los Angeles	3
Nell	3
Neon Genesis Evangelion: Death and Rebirth	5
Network	4
Network	4
Never Been Kissed	1
Never Let Me Go	3
Never Talk to Strangers	2
New Rose Hotel	2
NewsRadio	3
Newsroom	4
New York, I Love You	3
New York Stories	3
Next	3
Next Door	3
Night at the Museum	2
Night of the Living Dead	4
Nights in Rodanthe	1
Night Watch	3
Nightwatch	4
Nikita	1
Nip/Tuck	4
Nobody's Fool	3
No Country for Old Men	5
No Escape	2
North by Northwest	5
Nosferatu	4
No Strings Attached	3
Notorious	4
Notting Hill	3
Not Without My Daughter	3
No Way Out	3
Nowhere Boy	3
Nowhere in Africa	3
Numb3rs	2
O Brother, Where Art Thou?	3
Ocean's Eleven	5
Ocean's Thirteen	4
Ocean's Twelve	4
October	5
Office Space	3
Of Mice and Men	4
Oldboy	5
Old School	4
Once	4
Once Upon a Time in Anatolia	5
Once Upon a Time in Mexico	3
One Day	3
One Fine Day	4
One Flew Over the Cuckoo's Nest	5
One Last Thing	2
One Million Years B.C.	1
Only You	3
Open Season	1
Open Your Eyes	4
OSS 117: Lost in Rio	3
Outbreak	3
Outland	3
Outlander	2
Out of Africa	4
Out of Sight	4
Pandorum	3
Panic Room	3
Pan's Labyrinth	3
Paranormal Activity	4
Paris, Je T'aime	4
Passenger 57	1
Patch Adams	1
Patriot Games	3
Patton	4
Paul Blart: Mall Cop	1
Payback	3
Paycheck	1
Pay It Forward	2
Pearl Harbor	1
Perfume: The Story of a Murderer	3
Perks of Being a Wallflower	4
Pet Sematary	3
Phenomenon	3
Philadelphia	4
Phone Booth	4
Pi	5
Picture Perfect	1
Pierrot Le Fou	5
Pineapple Express	3
Pink Cadillac	3
Pirate Radio	4
Pirates	3
Pirates II: Stagnetti's Revenge	3
Pirates of the Caribbean: At World's End	3
Pirates of the Caribbean: Black Pearl	4
Pirates of the Caribbean: Dead Man's Chest	3
Pitch Black	4
Pitch Perfect	3
Plan 9 from Outer Space	3
Planes, Trains and Automobiles	3
Planet of the Apes	4
Playing by Heart	5
Pleasantville	4
Please Give	2
Point Break	4
Poison Ivy	1
Pokemon Heroes: The Movie	2
Pokemon: The First Movie	3
Police Academy 7: Mission to Moscow	1
Pollock	3
Poltergeist	4
Porky's	1
Portlandia	2
Powder	3
Practical Magic	2
Precious: Based on the Novel by Sapphire	3
Predator 2	4
Predator	4
Predators	3
Prefontaine	4
Premium Rush	3
Pretty in Pink	4
Pretty Woman	3
Priceless	4
Pride and Prejudice	4
Pride & Prejudice	5
Primal Fear	4
Primer	4
Prince of Persia: The Sands of Time	1
Princess Mononoke	5
Prison Break	3
Problem Child	2
Problem Child 2	1
Psycho	4
Public Enemies	2
Pulp Fiction	5
Pump Up the Volume	4
Punch-Drunk Love	5
Quantum of Solace	2
Quantum of Solace	3
Queen of Versailles	3
Quills	4
Quiz Show	3
Rabbit Hole	1
Raging Bull	4
Raiders of the Lost Ark	4
Rain Man	3
Raising Arizona	4
Rambo: First Blood	4
Rambo: First Blood Part II	3
Rambo III: Ultimate Edition	3
Rango	3
Ransom	3
Ratatouille	4
Ray	3
Ready to Wear	2
Reality Bites	4
Real Steel	2
Rear Window	5
Red Cliff	2
Red Cliff: Theatrical Version	2
Red Dragon	4
Reign of Fire	1
Reign Over Me	3
Remember the Titans	3
Renaissance	4
Repo Men	2
Repo! The Genetic Opera	2
Requiem for a Dream	5
Rescue Dawn	3
Reservoir Dogs	5
Resident Evil	2
Resident Evil: Apocalypse	2
Resident Evil: Extinction	3
Return to Me	3
Return to the Blue Lagoon	1
Revenge of the Pink Panther	3
Revolution	1
Revolver	3
Ricky	3
RiffTrax: Missile to the Moon	4
RiffTrax: Night of the Living Dead	4
RiffTrax: Plan 9 from Outer Space	4
RiffTrax: Plan 9 from Outer Space: LIVE!	4
Ripley's Game	4
Rising Sun	3
Road to Perdition	4
Road Trip	3
Robin Hood	2
Robin Hood: Prince of Thieves	3
RoboCop 2	2
RoboCop	3
Robot Chicken	5
Robot Chicken Star Wars	4
Robot Chicken Star Wars: Episode II	4
Robotech	4
Robots	2
Rocky	4
Rocky Balboa	4
Rocky II	3
Rocky III	2
Rocky IV	3
Rocky V	2
Role Models	4
Rollerball	3
Romance & Cigarettes	2
Romancing the Stone	3
Roman Holiday	5
Romeo + Juliet	4
Ronin	2
Rope	4
Rosemary's Baby	4
Roughnecks: The Pluto Campaign	2
Rounders	4
Roxanne	3
Ruby Sparks	2
Runaway Bride	1
Runaway Jury	2
Run Lola Run	4
Rush Hour	2
Rush Hour 3	1
Rushmore	5
R U There	1
Sabrina	3
Sabrina	5
Sailor Moon S	3
Sailor Moon SuperS	3
Saints and Soldiers	3
Salt	2
Salvador	5
Samurai Jack	3
Sanctum	3
Sanjuro	4
Saved by the Bell	3
Save the Last Dance	4
Saving Private Ryan	4
Scanners	3
Scarface	4
Scarface	5
Scent of a Woman	4
Schindler's List	4
School of Life	2
School of Rock	2
Scoop	3
Scott Pilgrim vs. The World	5
Scream 2	4
Scream 3	2
Scream	4
Screamers	4
Scrubs	4
Secondhand Lions	4
Secretary	3
Secret Window	2
See No Evil, Hear No Evil	3
Seinfeld	5
Semi-Pro	3
Sense and Sensibility	3
Sense and Sensibility	3
Serenity	4
Serpico	4
Sesame Street	3
Seven	4
Seven Samurai	5
Sex and Death 101	2
Sex and the City	4
Sex and the City: The Movie	3
sex, lies, and videotape	4
Shakespeare in Love	4
Shallow Hal	2
Shane	3
Shanghai Noon	4
Shark Tank	3
Shark Week	2
Shattered Glass	5
Shaun of the Dead	5
Sherlock	4
Sherlock Holmes	4
Sherlock Holmes: A Game of Shadows	3
Sherlock Jr.	4
She's All That	2
She's So Lovely	3
Shine	4
Shoot 'Em Up	1
Shooter	1
Shooting Fish	5
Shoot the Piano Player	4
Shopgirl	3
Short Circuit	2
Showgirls	2
Showtime	2
Shrek (Widescreen)	3
Side by Side	3
Side by Side	3
Sideways	4
Sid & Nancy	3
Signs	4
Silver Linings Playbook	5
Sin City	5
Singin' in the Rain	4
Sister Act	2
Sister Act 2: Back in the Habit	1
Six Days, Seven Nights	3
Six Degrees of Separation	4
Six Feet Under	5
Six-String Samurai	3
Sixteen Candles	3
Skeletons	3
Skins	2
Sky Blue	3
Sky Captain and the World of Tomorrow	4
Skyfall	3
Skyline	1
Sleepers	2
Sleeping with the Enemy	2
Sleepless in Seattle	4
Sleepwalk with Me	3
Sleepy Hollow	4
Sliding Doors	4
Slumber Party Massacre	3
Slumber Party Massacre III	2
Slumdog Millionaire	3
Small Time Crooks	4
Smoke	4
Smokin' Aces	3
Snake Eyes	4
Snatch	5
Sneakers	5
SNL: The Best of Will Ferrell: Vol. 1	4
Snow White and the Seven Dwarfs	2
Snuff Box	2
So I Married an Axe Murderer	1
Solaris	5
Soldier	2
Some Kind of Wonderful	2
Some Like It Hot	3
Someone Like You	3
Something's Gotta Give	3
Something the Lord Made	3
Something to Talk About	3
Sophie's Choice	4
Soul Kitchen	3
Source Code	3
South Park	4
South Park: Bigger, Longer and Uncut	3
Spaceballs	3
Space Cowboys	2
Spaced	5
Space Truckers	3
Spanglish	2
Spartacus	2
Spartacus	2
Spawn: The Movie	1
Species	4
Species IV: The Awakening	2
Speed 2: Cruise Control	1
Speed	4
Speed Racer	3
Sphere	4
Spider	3
Spider-Man	2
Spider-Man 2	3
Spider-Man 3	3
Spies Like Us	3
Spin City: Vol. 1	3
Spirited Away	5
Splice	3
SpongeBob SquarePants	4
Spun	2
Spy Game	4
Spy Hard	3
Spy Kids	1
Spy Kids 2: The Island of Lost Dreams	1
Spy Kids: Game Over	1
Stagecoach	4
Stardust	5
Stargate	3
Starship Troopers 2	1
Starship Troopers	4
Starsky & Hutch	3
Starter for 10	2
Star Trek	3
Star Trek	4
Star Trek: First Contact	2
Star Trek: Generations	2
Star Trek III: The Search for Spock	2
Star Trek II: The Wrath of Khan	4
Star Trek: Insurrection	2
Star Trek IV: The Voyage Home	2
Star Trek: Nemesis	3
Star Trek: The Motion Picture	2
Star Trek: The Original Series: Vols. 1-15	3
Star Trek VI: The Undiscovered Country	3
Star Trek V: The Final Frontier	1
Star Wars: A New Hope	4
Star Wars: Episode II	3
Star Wars: Episode III	3
Star Wars: Episode I: The Phantom Menace	2
Star Wars: Episode IV: A New Hope	4
Star Wars: Episode V: Empire Strikes Back	4
Star Wars: Episode VI: Return of the Jedi	4
Star Wars: Return of the Jedi	4
Star Wars: The Empire Strikes Back	4
Stealing Beauty	3
Steamboy	3
Stephen King's It	4
Stepmom	2
Step Up	3
Stigmata	2
Stir of Echoes	3
Stolen Kisses	3
Stone	2
Strange Days	5
Stranger than Fiction	4
Striking Distance	2
Stripes	2
Striptease	1
Sucker Punch	4
Sudden Impact	3
Suicide Kings	3
Sunset Boulevard	5
Sunshine	5
Super 8	4
Superbad	5
Superman: The Movie	3
Super Troopers	3
Sweeney Todd	3
Sweet November	1
Swingers	4
Swordfish	3
Sympathy for Mr. Vengeance	3
Synecdoche, New York	3
Take Home Chef	1
Taken	3
Talk to Her	4
Talladega Nights	3
Tango & Cash	4
Tap	3
Tape	5
Taxi Driver	4
Taxi to the Dark Side	4
Team America: World Police	3
Technotise: Edit & I	3
Ted	3
Teen Wolf / Teen Wolf Too	3
Tequila Sunrise	2
Terminal Velocity	2
Terminator 2: Judgment Day	4
Terminator 3: Rise of the Machines	3
Terminator: Salvation	2
Thank You for Smoking	4
That Mitchell and Webb Look	5
That Thing You Do!	4
The 13th Warrior	2
The 400 Blows	4
The 40-Year-Old Virgin	3
The 6th Day	2
The Abyss	5
The Addams Family	2
The Adjustment Bureau	2
The Adventures of Pluto Nash	1
The Amazing Spiderman	3
The American	4
The Andromeda Strain	4
The Animal	1
The Animatrix	4
The Apartment	4
The Aristocrats	4
The Artist	4
The Assassination of Jesse James	3
The Astronaut Farmer	2
The A-Team	3
The A-Team	3
The Atom Smashers	2
The Avengers	2
The Avengers	4
The Aviator	3
The Bank	3
The Baxter	2
The Beach	4
The Best of the Colbert Report	5
The Bicycle Thief	5
The Big Blue	4
The Big Lebowski	5
The Big Sleep	4
The Birdcage	3
The Black Dahlia	3
The Blair Witch Project	3
The Blind Side	3
The Blob	1
The Blood of Heroes	3
The Blues Brothers	4
The Blues Brothers: Theatrical Cut	4
The Boondock Saints	5
The Boondock Saints II: All Saints Day	3
The Bourne Identity	5
The Bourne Supremacy	3
The Bourne Ultimatum	3
The Breakfast Club	5
The Break-Up	2
The Bride of Frankenstein	3
The Bridges of Madison County	4
The Bridges of Madison County	4
The Brothers Bloom	3
The Brothers Grimm	3
The Buffy Musical: Once More with Singing	4
The Butterfly Effect	1
The Call of Cthulhu	4
The Campaign	2
The Castle	4
The Cell	2
The China Syndrome	4
The Chronicles of Riddick	3
The Chronicles of Riddick: Dark Fury	4
The Cider House Rules	4
The City of Lost Children	4
The Color of Money	5
The Conspirator	3
The Cook, Thief, His Wife and Her Lover	3
The Core	2
The Cosby Show	3
The Count of Monte Cristo	3
The Crow	4
The Crow: City of Angels	1
The Daily Show: Indecision 2004	5
The Darjeeling Limited	4
The Dark Crystal	2
The Dark Knight	5
The Dark Knight Rises	4
The Da Vinci Code	3
The Day After	4
The Day After Tomorrow	3
The Debt	3
The Decalogue	5
The Deer Hunter	5
The Departed	3
The Devil's Advocate	3
The Devil Wears Prada	4
The Dictator	2
The Diving Bell and the Butterfly	4
The Doors	4
The Dreamers	4
The Eagle	3
The Edge	3
The Edge of Heaven	4
The Education of Charlie Banks	4
The End of the Affair	5
The Englishman Who Went Up a Hill	3
The English Patient	5
The Exorcist	3
The Expendables	1
The Fall	4
The Family Man	3
The Fast and the Furious	4
The Fast and the Furious: Tokyo Drift	3
The Fifth Element	5
The Fighter	3
The Firm	2
The Fisher King	4
The Five Obstructions	4
The Flintstones	1
The Fly	4
The Fly / The Fly 2	4
The Fog	3
The Fountain	5
The Fresh Prince of Bel Air	4
The Fugitive	4
The Full Monty	4
The Game	4
The General's Daughter	3
The Ghost and the Darkness	3
The Ghost Writer	4
The Gift	1
The Girl in the Cafe	3
The Girl Next Door	3
The Godfather	4
The Godfather: Part II	4
The Godfather: Part III	3
The Gods Must Be Crazy 2	3
The Gods Must Be Crazy	4
The Golden Compass	2
The Good Night	3
The Good Shepherd	2
The Good, the Bad and the Ugly	4
The Good, the Bad, the Weird	5
The Good Thief	2
The Goonies	4
The Graduate	5
The Great Escape	4
The Greatest Movie Ever Sold	3
The Green Mile	3
The Guard	4
The Guild	3
The Guru	3
The Hangover	4
The Hangover: Part II	2
The Heartbreak Kid	1
The Heart of the Game	2
The Hit	3
The Hitchhiker's Guide to the Galaxy	4
The Holiday	3
The Host	4
The Hot Chick	1
The House Bunny	1
The Hudsucker Proxy	4
The Hunt for Red October	4
The Hurt Locker	4
The Hustler	4
The Ides of March	4
The Illusionist	3
The Imaginarium of Doctor Parnassus	3
The Impossible	3
The Incredible Hulk	1
The Incredibles	3
The Informant!	3
The Insider	3
The Invasion	3
The Island	3
The Italian Job	4
The Italian Job	4
The Jackal	3
The Jacket	2
The Jerk	3
The Karate Kid	3
The Karate Kid	3
The Kid	2
The Kids Are All Right	4
The Killing	3
The King of Kong	4
The King's Speech	4
The Ladykillers	4
The Lake House	1
The Larry Sanders Show	3
The Last Airbender	1
The Last Boy Scout	4
The Last Castle	3
The Last King of Scotland	3
The Last Kiss	3
The Last Samurai	3
The Last Song	1
The Last Starfighter	3
The Last Temptation of Christ	4
The Lavender Hill Mob	4
The League of Extraordinary Gentlemen	2
The Legend of Zorro	2
The Life and Death of Colonel Blimp	4
The Life Aquatic with Steve Zissou	5
The Life & Death of Peter Sellers	4
The Life of David Gale	4
The Lincoln Lawyer	3
The Lion King	2
The Lion, the Witch & the Wardrobe	3
The Lives of Others	5
Thelma & Louise	3
The Longest Yard	3
The Long Goodbye	4
The Long Kiss Goodnight	3
The Lookout	3
The Lost Boys: Special Edition	3
The Love Bug	4
The Lover	3
The Lovers on the Bridge	4
The Machinist	3
The Magnificent Seven	3
The Maltese Falcon	4
The Man from Earth	5
The Man in the Iron Mask	4
The Man Who Would Be King	5
The Man with One Red Shoe	2
The Man Without a Face	2
The Man with Two Brains	3
The Mask	4
The Mask of Zorro	2
The Master	3
The Matrix	5
The Matrix Reloaded	3
The Matrix: Revisited	3
The Matrix Revolutions	2
The Men Who Stare at Goats	3
The Messenger: The Story of Joan of Arc	3
The Million Dollar Hotel	5
The Misfits	4
The Mist	2
The Motorcycle Diaries	4
The Mummy	5
The Mummy Returns	4
The Muppet Movie	3
The Muppet Show	4
The Naked Gun 2 1/2: The Smell of Fear	4
The Naked Gun	4
The Natural	3
The Negotiator	4
The Net	1
The Next Best Thing	3
The Nightmare Before Christmas	4
The Nines	2
The Ninth Gate	3
The Notebook	2
The Nutty Professor	1
The Office (U.K.)	4
The Office (U.S.)	5
The Omega Man	3
The One	2
The Orphanage	3
The Other Guys	4
The Passenger	4
The Patriot	1
The People vs. Larry Flynt	4
The Perfect Storm	2
The Petrified Forest	5
The Philadelphia Story	5
The Pianist	3
The Piano	4
The Piano Teacher	3
The Pillow Book	3
The Pink Panther	4
The Pink Panther Strikes Again	5
The Polar Express	1
The Postman	1
The Practice	4
The Preacher's Wife	3
The Prestige	4
The Prince of Tides	4
The Princess Bride	5
The Prisoner	3
The Prisoner: The Complete Series	3
The Producers	2
The Producers	3
The Promotion	2
The Proposal	1
The Puppet Masters	4
The Pursuit of Happyness	4
The Queen	3
The Quick and the Dead	2
The Quiet American	4
The Quiet Earth	3
The Reader	3
The Real Cancun	2
The Recruit	2
The Red Balloon	4
The Red Balloon / White Mane	4
The Remains of the Day	4
There's Something About Mary	5
The Return of the Pink Panther	4
There Will Be Blood	4
The Right Stuff	4
The Rock	5
The Rookie	3
The Room	4
The Royal Tenenbaums	5
The Rules of Attraction	4
The Running Man	4
The Saint	4
The Sarah Silverman Program	3
The Science of Sleep	3
The Score	3
The Scorpion King	2
The Secret of Kells	3
The Shawshank Redemption	5
The Sheltering Sky	3
The Shining	5
The Shop Around the Corner	4
The Signal	4
The Silence of the Lambs	5
The Simpsons Movie	3
The Sixth Sense	3
The Social Network	3
The Sorcerer's Apprentice	2
The Sound of Music	3
The Specialist	3
The Station Agent	4
The Stepford Wives	2
The Sting	5
The Straight Story	2
The Sweet Hereafter	4
The Tailor of Panama	3
The Taking of Pelham 123	3
The Talented Mr. Ripley	4
The Terminal	3
The Terminator	4
The Thing	5
The Thin Man	4
The Thin Red Line	4
The Third Man	4
The Thirteenth Floor	3
The Thomas Crown Affair	5
The Three Musketeers	2
The Tick	1
The Tick	4
The Time Machine	2
The Towering Inferno	4
The Town	4
The Transporter	2
The Treasure of the Sierra Madre	4
The Tree of Life	4
The Trip	4
The Triplets of Belleville	3
The Truman Show	5
The Truth About Cats & Dogs	2
The Twilight Saga: Eclipse	3
The Twilight Saga: New Moon	2
The Twilight Samurai	4
The Unbearable Lightness of Being	4
The Untouchables	4
The Usual Suspects	5
The Venture Bros.	5
The Village	5
The Virgin Suicides	3
The Wackness	4
The Watcher	1
The Way We Were	4
The Weather Man	2
The Wedding Singer	4
The Whole Nine Yards	2
The Whole Ten Yards	2
The Wild Blue Yonder	4
The Wild Bunch	3
The Winning Season	3
The Wire	4
The Witches of Eastwick	4
The World Is Not Enough	2
The Wrestler	4
The X Files	3
The X-Files	3
They Live	4
They Shoot Horses, Don't They?	4
Thirst	3
Thirteen	3
This Girl's Life	3
This Is Spinal Tap	4
Thomas & Friends	2
Thor	3
Three Amigos	3
Three Kings	5
Three Monkeys	5
Thunderball	3
Thunderbirds	1
THX 1138	4
Time Bandits	4
Timecrimes	2
Time of the Wolf	4
Tin Cup	2
Titan A.E.	4
Titanic 2	1
Titanic	3
Titus	2
To Catch a Thief	3
To Die For	3
To Have and Have Not	4
Tomb Raider	3
Tomorrow Never Dies	2
Tootsie	3
Top Gear (U.K.)	5
Top Gun	4
Top Secret!	5
Total Recall (2012)	2
Total Recall	5
Touching the Void	4
Toy Story 2	4
Toy Story 3	5
Toy Story	4
Traffic	4
Trailer Park Boys	3
Trail of the Pink Panther	2
Trainspotting	5
Transformers	1
Transformers: Revenge of the Fallen	1
Tremors	4
Tremors 4: The Legend Begins	3
Tripping the Rift	3
Trollhunter	3
Tron	3
Tron: Legacy	3
Tropic Thunder	3
Trouble with the Curve	2
Troy	2
True Crime	4
True Grit	3
True Lies	4
True Romance	4
Tucker & Dale vs. Evil	4
Turkish Pop Cinema Double Bill	4
Turner and Hooch	3
Twilight	3
Twilight	4
Twins	3
Twister	3
Two and a Half Men	4
Two Mules for Sister Sara	3
Tyler Perry's I Can Do Bad All by Myself	1
U-571	4
Unbreakable	4
Un Chien Andalou	5
Undercover Brother	1
Under Fire	5
Underground	5
Under Siege 2: Dark Territory	3
Under Siege	3
Underworld	3
Underworld: Evolution	3
Unforgiven	5
United 93	4
Unknown	2
Unleashed	3
Up	4
Up Close & Personal	5
Up in the Air	3
U.S. Marshals	2
Valhalla Rising	3
Valkyrie	4
Vampire Hunter D	4
Van Helsing	3
Vanilla Sky	4
Vanishing Point	4
Van Wilder 2: The Rise of Taj	1
Van Wilder: Freshman Year	2
Vertigo	5
V for Vendetta	4
Vicky Cristina Barcelona	5
Victory	5
Videodrome	5
Virtuality	4
Virus	1
Volcano	1
Voltron: Defender of the Universe	3
V: The Original Miniseries	5
Waiting...	4
Wait Until Dark	5
Waking Life	4
WALL-E	4
Wall Street	4
Wanted	2
War of the Worlds	2
Warrior	4
Watchmen	5
Water for Elephants	3
Waterworld	3
Wayne's World 2	3
Wedding Crashers	4
We Don't Live Here Anymore	4
Weeds	4
Weekend	3
Weird Science	3
Welcome to Sarajevo	4
We're No Angels	3
West Side Story	3
Westworld	2
Whale Rider	2
What About Bob?	3
What Dreams May Come	1
What Lies Beneath	4
What's Eating Gilbert Grape	2
What's New Pussycat?	3
What Women Want	3
When a Man Loves a Woman	3
When Harry Met Sally	5
Where the Buffalo Roam	3
Where the Truth Lies	4
Where the Wild Things Are	4
While You Were Sleeping	3
Whip It	4
White Hunter, Black Heart	3
Whiteout	2
White Squall	3
Who Framed Roger Rabbit	3
Wicker Park	2
Wild Strawberries	4
Wild Things	2
Wild Wild West	3
Will & Grace	2
Willow	4
Willy Wonka & the Chocolate Factory	4
Wing Commander	1
Winter's Bone	4
Win Win	4
With Honors	4
Withnail and I	5
Wolf	3
Wonder Boys	3
Working Girl	3
X2: X-Men United	4
Xena: Warrior Princess	3
X-Men	3
X-Men 3: The Last Stand	3
X-Men: First Class	4
X-Men Origins: Wolverine	1
XXX	2
Yes, Prime Minister	4
Yojimbo	4
You Don't Mess with the Zohan	4
Young Adult	3
Young Einstein	1
Young Frankenstein	4
You Only Live Twice	3
Your Highness	1
Your Sister's Sister	4
Youth in Revolt	5
You've Got Mail	4
Zack and Miri Make a Porno	3
Zapped!	2
Zero Dark Thirty	3
Zero Effect	5
Zodiac	3
Zombieland	4
Zombie Strippers	2
Zoolander	3
